number of bedrooms,living area,Price,Built Year,Distance from the airport
3,2340,1570000,1954,51
4,4930,1470000,2004,70
4,3100,1290000,1981,56
4,2970,829000,1973,71
3,1930,825000,1953,59
4,3780,782000,2001,63
5,3290,762500,2005,74
4,2770,748000,2001,62
6,2660,730000,1937,68
5,2570,675000,1987,78
3,2400,660000,1964,52
4,2020,633000,1990,56
3,1920,625000,1977,50
4,1880,530200,2010,59
3,940,520000,1903,58
3,1560,519000,1973,54
4,2990,514500,1976,58
4,3610,510000,1993,59
4,2230,500000,1962,72
3,2760,500000,1990,53
3,2090,489500,1977,68
3,1440,476000,2001,55
4,1910,475000,1956,74
4,2440,475000,2006,71
4,2420,440000,1962,53
3,1950,430000,2009,58
3,1600,408000,1960,60
2,800,350000,1949,77
4,2320,345000,1973,60
3,1600,332500,1950,60
3,1870,325000,2002,67
3,2300,325000,1970,80
4,1300,287000,1963,73
3,2160,273000,1991,63
3,2160,272000,1978,77
3,1330,263500,1981,73
3,970,262500,1980,63
3,1570,256000,1996,59
1,680,252000,1910,80
3,1510,247000,1990,76
3,1320,243000,1996,50
2,750,238000,1943,53
3,1520,230000,1968,63
2,870,166000,1944,52
3,1230,147500,1960,62
3,3470,2150000,1989,53
3,2600,1700000,1970,56
4,3920,1650000,2002,61
4,2890,1100000,2013,79
4,3720,960000,2014,55
5,4210,937500,2004,73
4,3090,855000,1978,59
4,3890,850000,2007,58
2,2130,830000,1963,51
5,2990,802541,2014,55
4,3020,780000,1976,75
2,1360,755000,1999,74
3,2950,739000,2003,59
4,2660,729000,2003,72
4,2000,725000,1950,69
4,2840,713000,1984,79
5,3540,707000,1926,59
4,2770,652427,1979,73
2,920,600000,1938,71
4,3870,600000,2007,54
3,1370,593500,1918,72
4,1490,570000,1918,52
3,1950,550000,1965,60
3,1700,500000,1952,59
4,2110,490000,1978,68
3,920,490000,1926,61
3,1680,485000,1988,52
3,1690,482500,2005,53
4,1930,469500,1980,58
3,1830,467500,1956,64
4,2320,445000,1968,69
4,2200,423000,1962,52
7,2940,420000,1977,66
4,1870,419950,1969,63
3,1050,400000,1952,71
6,3060,400000,1967,61
2,1370,385000,1960,53
3,1340,383000,1967,55
3,1520,362500,1954,59
3,1890,344500,1976,55
4,3504,330000,2006,53
4,1180,330000,1965,70
3,1260,325000,1972,68
4,1730,317500,1963,66
3,1060,317000,1981,64
4,2460,313000,1993,70
3,1170,312500,1960,69
3,2370,300523,1987,55
4,1981,299999,2013,75
4,1810,299950,1986,54
3,1620,276750,1989,70
4,1600,270000,2009,78
3,2244,269950,2012,64
4,2140,245000,1963,73
3,1660,241000,1976,68
3,1060,212000,1986,77
3,970,165000,1967,52
3,840,135000,1943,54
2,960,99000,1948,69
5,3090,1630000,1964,72
3,3170,1090000,1957,79
9,3680,700000,1908,75
3,1740,665000,1974,78
4,3120,653000,2003,57
4,2220,652600,2014,58
4,2400,608000,1956,64
6,1730,563000,1918,50
3,2920,555000,1908,72
3,1550,537000,1957,73
5,2670,480000,2013,63
3,1250,463000,1955,72
3,1480,459000,2014,66
2,700,430000,1922,73
3,1250,405000,1975,52
3,1230,392000,1952,72
2,962,390000,2012,53
4,2020,375000,1966,51
2,1390,365000,1946,77
3,1250,344000,2007,55
3,1810,342500,1993,61
3,1740,340000,1959,74
3,1120,335000,1977,60
4,2260,325000,2002,61
2,620,325000,1926,69
3,1230,320000,1955,50
3,890,315000,1957,67
3,1030,299950,1972,53
4,1990,283500,1999,55
4,1170,282500,1942,69
4,2520,272000,1979,57
6,2000,265000,1960,51
3,1360,248500,1988,61
3,1440,245000,1985,80
3,1550,240000,1962,78
3,1350,237500,1986,79
2,1130,216000,1953,67
3,1280,215000,1964,73
3,1240,214000,1970,74
3,1230,200000,1947,54
3,1280,190000,1961,54
4,1310,154200,1948,62
5,4850,3570000,2007,55
4,3730,1780000,1985,76
3,2100,1150000,1953,79
3,2140,998500,1905,52
3,2190,988000,1923,76
4,5545,937500,2003,68
4,3580,879900,1979,54
4,3320,850000,2012,60
3,1290,790000,1930,52
3,3190,765000,2007,60
4,2430,760000,1965,66
4,3210,750000,1976,77
4,3065,729000,2014,55
4,3010,728725,2006,75
4,3133,685000,1965,51
5,2990,625000,2007,79
5,3670,605000,1955,51
4,1770,596500,1986,50
4,3000,585000,2005,58
5,2600,580000,1914,65
4,1810,575000,1909,75
3,1310,553000,1948,74
3,1430,551100,1954,76
3,1810,550000,1922,66
4,2050,540000,2001,65
3,2810,528000,2003,58
3,1820,515000,1949,79
2,1540,499000,1980,77
3,1540,485000,1938,72
3,1590,484950,2014,74
2,1440,445000,2008,66
4,2130,445000,1972,59
2,880,406000,1924,55
4,2290,390000,1920,77
3,2280,380000,1985,59
3,1340,354000,1972,75
5,2980,350000,1975,79
4,2260,350000,1965,79
2,1150,349000,1951,76
3,2270,340500,1947,58
4,2470,332000,2002,58
2,1350,330000,1949,51
6,1930,326000,1971,57
3,1830,325000,1995,59
4,1710,320000,1969,67
2,1960,305000,1936,62
3,1480,291000,1975,54
4,2240,290000,1946,62
3,1400,285000,1956,51
3,2000,273500,1967,68
2,760,261590,1943,65
3,1050,250000,2006,64
3,1540,180500,1973,57
4,1460,162000,1975,66
5,5840,2200000,1988,75
3,3490,1620000,1960,71
4,4050,1200000,1990,64
3,2860,1010000,1999,50
4,3270,987500,1974,74
5,3920,918000,2004,69
4,2290,899000,1960,77
2,2720,875000,1936,61
3,2310,815000,1926,59
3,2190,770000,1979,65
4,3620,768500,1965,67
4,3000,760000,1949,75
4,3320,665000,1960,57
4,2780,645000,1955,55
3,2230,635000,2014,73
5,3380,600000,2011,54
4,3680,595000,1970,74
3,1370,524000,2009,69
4,1980,510000,1980,72
3,2260,496500,1994,70
2,1070,455000,1908,65
3,1190,425000,1947,68
3,2170,419000,2002,71
4,1780,395000,1964,74
4,2560,388000,2005,77
3,1760,387000,1984,63
2,1280,386500,1984,72
5,2100,375000,1970,65
3,1580,375000,2013,64
5,3270,357500,2002,53
3,950,350000,1977,68
5,1880,349950,1952,80
2,1050,349950,1913,76
4,1700,331500,1955,74
3,1160,330000,1956,70
5,3290,329500,1968,80
2,1802,320000,1961,59
4,2340,305000,1965,62
2,1290,305000,2008,59
3,2090,288000,1977,66
4,1780,240000,1950,56
4,1870,230000,1928,80
3,1760,224000,1963,75
3,1270,218250,1967,71
2,670,185000,1947,51
4,1400,185000,1957,72
3,1010,185000,1971,77
3,1020,180000,1961,53
4,1570,171800,1950,60
3,4560,3200000,1995,75
4,3910,1650000,2006,52
6,5960,1140000,2005,60
4,3280,928950,2014,57
4,3090,908950,2014,65
4,2580,880000,2013,54
2,1440,803000,1928,64
4,3270,700000,1971,58
2,1360,640000,1936,79
5,2050,629000,1912,50
4,2090,610000,1980,74
4,2840,600000,1958,61
3,2080,600000,1966,68
4,1950,560000,1992,50
3,1810,550000,1960,70
3,1310,524000,1970,71
3,1540,520000,1964,52
4,3180,510000,2001,68
6,3028,480000,2005,58
3,1450,465000,2005,77
3,2260,435000,2007,77
3,1270,367500,1969,65
2,1170,335000,1941,55
2,880,323000,1945,77
5,1890,322968,1960,60
4,1950,322000,2000,54
4,2020,319000,2010,73
2,870,313000,2004,50
4,2090,311000,1962,61
4,2600,300000,2003,72
3,1670,295000,1956,63
3,1690,292500,1987,66
4,1830,270000,1951,75
3,1820,270000,1992,71
2,770,264950,1947,67
3,1030,249000,1943,75
4,2240,325000,2002,73
5,6300,2750000,2004,57
4,7420,1950000,2002,79
4,3110,1300000,1990,53
3,2980,1230000,1964,66
4,2390,984000,1962,59
4,2490,950000,1926,54
3,2800,920000,2005,76
2,3570,835000,1998,80
4,2950,835000,1986,57
4,2370,800000,1926,54
6,3300,780000,1963,64
4,2870,710000,1980,79
2,1890,618000,1928,54
4,2500,565000,1983,58
2,1680,550285,2004,52
3,1630,540000,2014,65
3,1440,530000,1951,71
3,1650,500000,2001,74
3,1800,495000,1989,63
3,1960,449000,1984,74
4,2880,440000,1988,60
4,2060,435000,1979,66
3,1770,419950,1977,50
4,2150,419000,1950,53
4,2390,415000,1989,78
3,1950,400000,1914,53
5,2540,385000,1962,59
3,1330,374500,1968,78
4,1820,359000,1976,72
1,760,344000,2006,70
4,2390,338500,1997,70
4,2220,332500,1998,55
4,2240,330000,1994,62
3,1920,329000,1978,69
3,1250,320000,1968,80
4,1980,287000,1977,79
4,1740,265000,1964,78
4,1840,262000,1965,60
3,920,237000,1928,78
4,2140,236500,1925,71
2,1110,222900,1944,77
4,1910,200000,1980,56
5,4410,1880000,2014,52
4,5000,1690000,2002,51
4,2480,855000,1973,55
4,3190,832000,1980,54
3,1760,810000,1953,65
5,3320,769000,1964,68
3,1000,725000,1951,60
3,2216,667000,1968,74
4,2400,635000,1957,51
4,2720,635000,2006,75
3,1540,630000,1944,71
4,2990,594491,2013,51
2,1560,579000,2004,54
4,2720,560000,2008,65
2,2690,515000,1987,72
5,3810,515000,1967,78
3,1520,500000,2000,73
3,1440,500000,1988,53
2,1290,489000,2007,74
4,1960,460000,1971,80
4,3460,460000,1932,59
2,1020,455000,2001,72
2,1510,451101,1985,50
3,2740,441000,1998,52
3,1910,440000,1997,76
2,750,425000,1933,64
3,2150,410000,2013,56
3,1150,358000,1976,51
3,1240,357823,1968,53
4,2156,347500,2012,60
2,1270,335000,2012,58
3,1580,320000,1981,63
3,1060,320000,1958,58
3,1900,314000,1984,50
3,1260,300000,1987,78
3,1670,294000,1929,62
2,670,272000,1942,74
3,1590,229000,1956,70
3,1280,215000,1991,75
3,1640,207500,1968,68
3,1160,190000,1918,72
3,1250,175000,1971,63
3,1340,160000,1935,64
5,4770,1480000,1990,70
5,3450,1380000,1905,69
4,4700,1180000,1999,75
3,1760,1150000,1940,53
3,3610,1020000,1930,70
4,2770,820000,2002,79
3,2280,760000,1973,75
5,3160,757500,1977,63
4,3040,700000,2008,50
3,3650,680000,2011,75
3,1510,675000,2008,54
3,2700,665000,1947,75
2,1010,658000,1926,55
4,2020,599500,1984,78
3,2730,570000,1978,70
5,2450,559950,2005,53
3,2140,554000,2005,75
4,2650,525000,2011,62
3,1780,509000,1996,79
4,1940,500000,1995,80
4,1500,470000,1906,55
3,2714,465000,2005,58
4,2640,462000,1979,60
3,1560,435000,2002,67
3,1820,425000,1967,67
2,610,400000,1918,72
3,2510,358000,1988,56
3,1450,357500,1952,51
3,1660,343500,2002,51
3,1580,340000,1948,58
3,2100,335000,1952,67
3,2196,333500,2006,66
3,1500,332500,1953,78
3,2300,330000,1977,75
3,2300,320000,1939,73
6,3390,303500,2007,62
4,1890,300000,1964,52
4,2050,290000,1973,60
4,2190,286000,1978,55
3,1740,280000,2010,60
3,1760,272000,1966,56
4,1670,270000,1961,80
2,1090,265000,1970,62
3,1040,250000,1956,53
3,1870,248000,2007,58
3,1670,235000,1990,52
4,1700,220000,1954,72
2,1120,215000,2004,76
2,790,212000,1944,70
3,1900,212000,1968,77
2,580,109000,1941,74
4,3580,2050000,1915,66
4,4020,1900000,2007,72
7,5370,884900,1967,58
5,3230,834950,2014,55
5,4500,750000,2007,80
3,3300,729000,1976,55
3,1800,719000,1947,56
6,3400,715000,1977,50
3,1980,703300,1932,73
3,1660,658000,1919,80
6,2020,599950,1994,72
4,3390,583000,1990,71
5,2200,547000,1971,55
4,2830,515500,2005,58
2,1310,505000,1929,75
2,1280,495000,1929,62
4,2700,470000,1999,68
2,1450,465000,1940,63
3,1870,460000,1936,66
1,1020,435500,1937,63
3,1630,422120,1987,68
3,1810,420000,1968,50
2,1800,390000,1947,69
3,1350,389000,2006,55
3,2200,315000,1964,56
3,1060,291850,1963,54
3,1150,285000,1927,57
2,850,280000,1923,71
3,1840,275000,1983,51
4,2490,275000,1978,58
3,1450,271900,1991,72
3,1750,265000,1969,65
3,1440,255000,1965,63
2,990,245000,1908,56
3,1500,240000,1981,70
4,1690,238000,1979,73
3,1430,235000,1961,51
3,1090,235000,1961,60
3,1460,233000,1979,70
3,1250,221000,1965,71
3,1090,220000,1954,68
3,1210,215000,1918,59
3,1610,203000,1978,66
4,1720,200000,1994,53
3,1000,140000,1955,73
4,4020,1950000,1989,63
4,3240,1590000,1953,69
4,3620,919000,1993,66
4,3880,917500,1984,66
4,3570,910000,1990,55
4,2420,820000,1905,59
4,3120,790000,1977,51
4,3970,775000,2000,67
4,2620,749950,1990,65
5,4720,745000,1975,78
4,3100,735000,2005,72
3,3110,700000,2002,75
3,2320,674000,2014,70
3,2800,650000,1965,63
4,2820,635000,1911,52
3,2140,620000,1947,74
3,2200,605000,1988,58
4,3990,570000,1999,61
4,3080,560000,1990,55
4,3650,550000,2014,70
3,1300,539900,2005,67
3,1690,479000,2003,73
3,2430,471500,2009,68
4,2550,465000,1996,56
4,2680,463000,1974,72
3,1820,453000,1955,58
5,1900,450000,1969,56
4,1770,447500,1924,74
3,1040,440000,2007,64
4,2650,435000,2000,56
3,1720,432500,1949,61
3,1560,415000,1903,50
3,1570,404600,1958,67
3,1600,400000,2004,56
3,1720,389700,2011,63
3,1430,375000,1928,67
3,1920,372000,1990,71
3,1770,370000,1966,60
2,910,365000,1936,70
4,1600,356000,1938,58
3,1330,348000,1952,65
3,2670,345000,1990,51
3,940,341000,1955,77
4,1250,330000,1951,74
3,1490,300000,1954,60
1,680,291970,1952,62
4,2390,278226,2006,66
2,1610,278000,1979,68
3,1390,218500,1987,61
2,830,200000,1920,62
3,840,199990,1969,56
3,930,176500,1910,62
2,790,115000,1930,56
3,1480,235000,1978,57
4,4030,855000,2006,64
2,1570,657000,2014,52
4,3260,552500,2008,65
4,3052,425000,2004,68
4,2200,355000,2005,56
4,2600,339900,1969,59
5,2190,250000,1963,52
3,1200,243000,1975,79
3,2044,1000000,1996,73
4,2730,905000,2009,72
3,3060,864000,1984,61
3,2240,831000,1957,52
3,2480,775000,2014,64
4,2590,760000,1979,50
4,2095,670000,2002,58
3,1670,615000,1954,76
2,1040,596000,1910,58
6,3870,585000,1976,61
3,1570,560000,1940,62
3,2370,545000,1952,50
4,2050,545000,1967,64
3,1740,545000,2008,56
4,2340,544000,2005,59
3,1460,539000,1971,76
4,1880,538000,1965,59
4,1580,537000,1910,75
3,2510,535000,2001,74
4,3056,524225,2014,75
3,1700,520000,1919,80
4,1690,519990,2014,64
3,2090,456500,1975,71
3,2250,445000,1994,50
5,2610,440000,2005,80
4,1200,436000,1908,78
3,2520,420000,1977,65
6,1370,415000,1931,71
2,1160,389000,1949,65
2,980,352500,2008,56
3,1580,350000,1979,54
4,2070,348000,2003,76
3,1660,342000,1990,72
3,1490,316000,1998,68
3,1470,300000,1961,77
3,2010,299000,1984,72
3,1810,290000,1970,76
4,2180,279000,1987,67
3,1410,274950,1983,74
4,1610,259950,1989,78
3,1960,204250,1984,63
3,1530,199950,1993,59
3,1140,197200,1942,51
1,780,190000,1945,53
3,1370,170000,1959,79
2,780,165000,1947,53
4,3130,1380000,2014,64
2,3950,1310000,1991,66
3,4030,1310000,2006,77
3,3240,1290000,1987,50
4,3810,900000,2003,79
3,2940,885000,2014,51
3,1820,795000,1997,78
4,3720,760000,2004,72
3,1860,730000,2010,60
4,2000,715000,1911,54
6,3500,682500,1980,77
4,2740,625000,1961,53
3,2570,621500,1984,56
4,2210,620000,1985,76
3,2330,585000,1983,66
4,2550,560000,1968,79
5,2450,555000,2007,60
3,1630,541000,2013,56
4,2880,535000,2002,70
3,1640,475000,1969,72
3,1690,464550,1967,54
3,1630,464000,1912,71
3,890,455000,1926,80
4,3060,455000,1958,76
2,980,452000,1904,50
4,1800,439000,1942,71
3,3192,427000,2014,66
3,1760,419000,1990,53
4,1490,410000,1942,51
3,1230,393500,2004,67
4,2547,392440,2014,50
4,2340,385000,2009,56
4,2640,383000,2004,66
4,1890,375000,1981,76
4,2300,353000,2006,65
3,1860,350000,1995,73
3,2230,340000,1968,75
3,1400,334000,1961,58
3,2010,319000,1964,52
2,970,315000,1939,78
3,1490,312500,1976,51
4,1820,290000,1918,62
1,1040,272000,1991,69
4,1430,270000,1947,74
3,1360,245000,1949,57
3,1530,245000,1979,79
3,1450,222500,1990,55
3,1720,220000,1981,53
3,1740,219000,1977,79
3,1280,216000,1956,74
2,1070,212000,1949,62
3,1600,205000,1993,55
4,1420,205000,1962,59
3,1070,152000,1953,75
2,1080,140000,1908,71
3,1150,120000,1943,73
4,7850,2700000,2006,74
3,2350,1200000,2001,50
4,2760,1100000,1955,68
4,3680,1050000,1959,61
5,2700,935000,2009,57
4,3380,865000,2007,51
4,2820,810000,1927,55
3,2070,781000,1931,72
3,2610,780000,1997,78
3,1240,699999,1968,71
4,2520,657500,1980,62
5,3920,650500,1955,78
2,1450,650000,1903,64
4,2570,626000,1958,78
4,2640,610000,1947,71
4,2600,610000,1994,61
3,2370,577000,1985,75
5,2650,536000,1965,53
4,1660,535000,1920,50
3,1630,507200,2000,53
4,1980,500000,1910,67
1,850,490000,1906,80
4,2050,485000,1968,77
5,2010,465000,1990,71
6,2270,435000,1964,79
3,1650,422250,1977,70
2,920,400000,1952,72
4,2100,380000,2002,57
4,1660,374950,1974,51
3,2298,372000,1969,58
3,1070,370000,2004,77
2,1030,367500,2004,75
4,1460,360000,1928,74
5,2120,360000,1906,74
3,1250,345000,1964,52
3,950,333000,1944,56
4,2140,329950,1986,61
3,2080,325000,1950,50
3,1400,320000,1954,75
4,1300,315000,1953,52
4,1610,305000,1952,58
4,2040,289950,1993,58
2,1340,275000,1989,51
3,1610,263500,1977,75
3,1490,260250,1993,62
3,1610,225000,1990,70
2,1240,170000,1950,60
2,670,157500,1905,52
4,6370,1800000,2008,52
4,3550,952990,2013,77
2,2200,950000,2007,51
4,3510,782000,1997,79
4,3120,760000,1992,77
4,3600,760000,2004,77
4,3200,720000,2004,50
4,3010,695000,2005,64
3,1780,625000,1922,64
3,2010,625000,2009,76
3,2110,615000,1978,57
3,970,600000,1950,70
4,2110,585000,2007,53
3,1460,580000,1928,69
4,1900,579000,2014,67
3,1370,563250,1982,66
3,2460,563225,1918,58
4,2940,560000,2000,52
3,1520,550000,1912,54
3,1850,510000,1968,61
3,1440,509990,1921,75
4,2370,495000,1995,61
5,2590,480000,1958,60
3,1950,480000,1983,51
2,710,480000,1950,79
3,1570,478000,1977,53
4,2860,460000,1957,55
4,1900,459000,1954,66
3,1650,429500,1972,57
2,790,418500,1943,69
3,1440,410000,1979,72
4,2320,400000,1998,67
4,3527,340000,2005,63
3,1380,299500,1977,73
2,1250,290000,1958,63
4,1450,282510,1932,64
3,1650,264500,1976,74
4,1820,261000,1968,80
3,1460,259950,1942,54
4,1660,255000,2009,71
3,2840,250000,1951,63
3,1750,250000,2012,70
2,900,243500,1948,69
3,1820,239975,1959,64
3,1570,227064,1908,77
3,1120,225000,1987,74
2,1010,200000,1956,66
3,1390,162500,1967,50
3,2990,900000,1951,76
4,2950,650000,1979,68
3,1870,615000,1992,54
4,4060,530000,2007,53
3,1760,575000,1994,59
3,2140,550000,1958,51
3,1780,312000,2011,74
6,5770,1680000,1998,51
3,2710,1250000,1959,56
3,3280,925000,1979,51
5,2750,840000,1926,65
5,2240,805000,1963,75
4,3010,769000,2005,65
5,3500,750000,1967,59
6,2730,733000,1962,69
3,4330,722800,1985,60
3,1420,716000,1904,51
4,2140,675000,2005,60
4,2480,650000,1946,50
3,2570,625700,1968,68
5,3490,610000,1957,68
3,1310,600000,1901,57
3,2080,594000,1990,58
3,1660,578000,1937,53
5,1970,575000,1959,64
5,4340,537500,1979,77
4,1870,520000,1977,67
4,2440,484000,1976,54
2,1040,450000,2003,53
4,1870,449000,1956,51
4,2080,440000,1976,71
4,2180,440000,1966,58
3,2340,438000,1965,76
2,960,432000,1916,79
3,1490,429000,2014,57
4,2740,415000,1990,61
2,1200,389000,2006,69
3,1760,388000,1962,62
4,2260,380000,1924,69
4,2490,364900,1996,52
3,2040,350000,2009,57
3,2340,345000,1993,63
3,2650,340000,1952,62
3,1300,315500,1969,58
3,1900,315000,1954,68
2,1120,315000,1942,61
3,1930,295000,1967,80
4,1870,285000,1977,51
3,1530,252000,1960,51
3,1650,251000,1989,52
4,2130,233000,1968,76
2,1300,230000,2004,59
3,1540,229000,1953,60
3,1020,225000,2004,61
2,860,170000,1924,72
3,3450,2230000,1949,73
4,4870,1840000,1995,78
4,3810,1580000,1989,80
4,2880,1100000,1926,66
4,3695,994900,2014,60
4,2960,857500,1952,55
2,1611,850000,2005,50
3,1440,805500,1952,53
4,2540,799990,1910,51
5,2640,750000,1954,56
3,1890,726000,1915,69
4,2720,680000,1985,57
3,2230,679950,2014,73
4,2620,678500,1992,80
2,1110,625000,1961,78
5,2140,621500,1968,51
4,2360,615000,1977,75
2,1290,600000,1924,57
3,3310,572800,2015,63
3,1490,550000,1959,73
4,2320,530000,2004,66
4,1530,500000,1955,76
3,1970,490000,1929,71
4,2480,480000,2007,50
3,2250,474950,1987,79
3,2330,473975,1999,74
3,2070,469000,1977,69
3,1460,465000,1956,77
2,1430,455000,1925,69
3,2290,450000,1960,78
3,2170,442250,2003,78
3,1260,405000,1979,70
4,2250,398500,2005,53
3,1030,365000,1952,66
4,2710,359000,1962,61
3,1050,350000,1948,52
2,1500,340000,1947,59
3,2235,337000,1975,63
4,2400,335000,1978,67
3,2040,330000,1995,56
3,1340,324950,1974,65
3,960,322000,1961,53
3,1480,315000,1968,62
3,1650,280000,1990,58
3,1560,273500,1962,61
3,1350,270000,1944,77
3,2540,265000,1991,55
2,1650,265000,1942,66
4,1954,235245,2007,74
3,1300,232000,1968,69
3,880,230000,1967,77
4,2130,215000,2004,64
2,670,202000,1942,71
2,1120,188000,1924,62
3,1460,186000,1977,69
2,860,122000,1945,80
2,830,110000,1943,53
4,3860,1760000,1927,75
3,2850,1600000,1978,69
4,3420,1350000,2014,78
3,1560,1100000,1977,75
4,3180,914600,1985,69
5,3490,830000,1996,68
3,2610,810000,1993,51
3,2060,800000,1907,60
4,2830,774000,1998,67
4,2110,725000,1925,76
4,3040,691000,1987,80
2,2300,665000,2006,80
3,2420,649950,1944,61
4,3020,622000,1958,54
4,2300,592000,1979,66
3,3080,585000,2008,50
2,1460,580000,1912,74
4,2590,569888,2014,72
4,5461,545000,1964,63
5,1570,530000,1908,54
4,2410,520000,1974,52
4,1800,515000,2001,55
3,1880,466000,1962,65
2,1160,425000,1942,51
2,1050,400000,2004,60
4,2560,399500,2014,63
4,2820,398000,2005,64
3,1080,392800,1986,64
3,1740,385000,2010,63
4,2570,379000,1994,67
4,1870,375000,1943,59
3,960,374500,1969,59
4,1904,365000,1999,58
4,1450,360000,1962,79
2,1400,358500,2005,52
4,1980,357000,1995,77
3,1680,356000,1964,55
2,1070,350000,1902,73
4,2780,315000,2005,62
4,1730,312000,1962,50
4,1975,311000,1996,64
3,1510,310650,1969,73
3,1770,296500,1987,62
3,1610,292000,2006,60
3,1670,282000,1977,53
3,1410,279900,1990,77
3,1620,276900,1989,60
3,2240,276000,1968,50
4,2120,275000,1998,60
4,2400,275000,1973,54
4,1540,260000,1973,74
3,1240,255000,1986,53
3,1370,238000,1963,59
3,1000,225000,1955,63
3,860,215000,1952,54
3,1030,210000,1967,71
3,1510,196000,1966,74
3,900,179500,1959,56
2,1410,175000,1968,73
2,600,156000,1933,77
4,2420,1490000,1967,78
4,3600,875000,1990,54
5,3320,805000,2000,52
4,3600,682000,1979,76
5,2420,675000,1966,55
3,1470,652000,1948,74
3,1020,625000,1919,52
3,1810,615500,1958,74
2,900,550000,1940,50
3,1430,535000,2007,51
3,1830,532000,1987,62
2,2120,530000,1948,80
4,2190,524000,1981,64
5,2200,495000,1989,74
4,2400,487000,1965,71
3,2650,485000,1975,57
6,2940,480000,1942,79
1,1160,440000,2009,63
2,1010,429000,1924,70
3,2350,410000,2004,51
3,1440,375000,2009,62
2,940,340500,1923,53
5,1830,336800,1958,68
4,2300,332000,2013,56
3,1630,330950,2003,56
3,1230,329000,1980,77
2,1130,322500,1947,54
3,1760,310000,2010,73
3,2340,300000,1978,57
4,2060,286000,1993,78
3,1250,283500,1985,52
3,1510,269950,1993,63
4,2070,262000,2006,53
4,1010,248000,1955,68
4,1220,231000,1940,53
3,1060,206000,1980,52
2,1400,200000,1941,75
3,1140,188000,1964,53
2,720,184500,1940,61
3,970,184000,1968,62
2,1020,168500,1935,78
2,1070,160000,1983,75
2,920,156000,1950,56
5,7880,2420000,1996,56
4,3370,2300000,1962,73
5,7730,1920000,2004,60
4,3830,1700000,2014,79
3,3020,1400000,1954,74
4,2980,1340000,1998,50
3,2440,1290000,1950,79
2,2050,825000,1979,67
4,1900,715000,1966,68
5,2560,667000,1966,73
6,2480,665000,1972,57
3,2070,662500,1906,75
4,2650,615000,1930,69
3,1760,544000,1998,78
3,1530,536000,1983,63
3,1700,502775,1976,61
4,2960,472500,2001,60
3,1840,465000,1994,52
5,1750,465000,1961,50
2,1410,442000,1918,55
3,1670,418000,1958,75
3,1990,359000,1997,55
2,840,350000,1952,76
3,1470,339900,1999,54
3,2140,330000,1957,80
4,1890,330000,1967,78
1,410,325000,1953,61
4,2060,323400,1992,59
3,1570,318000,1959,75
3,1850,257000,1915,61
3,1670,252000,2009,67
4,2130,250000,1962,69
2,710,245000,1942,53
2,690,245000,2005,52
3,940,185900,1909,62
3,2590,690000,1944,72
3,1410,301500,1969,64
2,830,205000,2006,58
5,5370,3000000,1918,55
6,5860,1750000,2013,58
5,4360,1290000,2015,70
4,3180,960000,1986,65
4,5670,935000,2008,64
4,2400,856600,1964,50
4,2130,762000,1939,59
6,2790,700000,1907,52
4,2220,675000,1950,79
3,2140,616750,1978,55
2,1670,612125,1950,75
5,3440,598992,2014,60
6,3500,592500,1980,59
4,1530,583500,1908,70
4,1680,540400,1974,66
3,2000,519000,1903,64
4,1840,510000,1972,71
3,1690,500000,1973,69
3,1860,495000,2001,60
5,2150,490000,1938,72
4,1960,474000,1976,71
3,1380,455000,1986,70
4,2930,442515,2014,51
3,1190,442000,1941,59
3,1830,431000,1979,52
2,1000,424950,2005,74
4,1920,399950,1906,73
3,1510,397500,1961,60
2,1131,394950,2011,56
3,1260,375000,1943,62
3,1200,361000,1975,75
4,2580,360000,1999,56
3,1790,359950,1998,57
2,720,338500,1951,77
3,1790,336000,1988,52
3,2260,335000,1990,59
3,1840,334000,1989,52
4,2010,310000,1951,79
2,1160,299000,1983,68
3,2030,287500,1986,79
3,1500,279000,1979,80
3,1690,277500,2003,50
3,2555,255000,2006,54
3,1440,253000,1965,57
3,1510,240000,1969,57
3,1510,225900,1963,55
2,2010,218000,1952,72
3,920,209000,1969,78
5,5620,1570000,1999,75
5,4010,1150000,2015,61
4,3260,1050000,2007,76
3,2750,895000,1967,61
4,3360,845000,1994,61
4,2620,804000,2005,69
3,1270,765000,1956,64
5,3490,759000,2005,59
3,2850,700000,1987,62
2,1990,690000,2005,75
4,2700,680000,1978,79
5,3370,600000,1998,64
4,2210,587000,1999,78
3,1760,575000,1957,63
4,2810,535000,1985,57
3,1460,527200,1929,64
4,3100,511000,2005,54
3,1530,467000,1995,64
3,1590,463000,1985,64
3,2290,455500,1973,69
4,1960,450000,1900,59
3,2160,440000,1994,73
4,2010,427500,2000,76
3,2650,425000,1967,50
3,2180,415000,1979,66
3,1420,408000,1950,55
4,2170,377000,1992,74
4,2090,375000,1983,64
2,1770,369900,2007,64
2,930,368000,2002,78
2,1270,348000,2008,75
3,2470,338000,2003,55
3,1510,335000,1948,68
4,2820,321027,1966,60
3,1358,311600,2007,58
4,2400,299000,2001,68
3,1440,292500,2006,62
2,1620,290000,1926,54
4,1961,289000,2006,54
2,800,280000,2003,56
4,1440,269950,1964,72
2,770,257000,1947,57
3,1470,212000,1990,53
3,1020,208000,1967,63
3,1200,205000,1959,64
2,710,153000,1943,65
3,3420,2250000,1951,61
4,3780,1600000,1910,56
4,1330,1050000,1952,67
6,4440,959000,1959,51
4,2927,715000,1998,58
4,3220,710000,1991,64
3,1710,675000,1941,75
3,3420,657044,2014,61
3,1800,610000,1947,70
2,1140,582500,1966,80
3,1640,580000,1987,56
2,1270,550000,1908,55
2,1930,548050,2005,60
5,2270,526750,1963,50
3,1950,510000,1969,72
3,1400,507250,1915,59
3,1950,485000,1967,70
4,2340,476000,1956,54
4,2170,467000,2012,62
3,1560,450000,1972,61
3,1610,450000,1996,71
4,2210,445500,1953,70
2,1050,439000,1949,73
3,2150,437400,1960,64
4,1700,429950,1959,58
4,2480,424950,1992,57
3,2150,419950,1949,56
3,1450,419900,1955,80
4,2420,399950,1984,57
3,1280,395000,1982,67
4,2750,395000,2012,62
3,1060,370000,1906,54
3,2230,368750,2004,66
6,2850,360000,1962,60
4,2500,350000,1979,56
3,2000,334000,1985,74
4,2160,317000,1988,56
5,2500,305000,1962,50
3,1280,300000,1977,54
3,1500,294900,1968,79
2,1360,279900,1957,71
5,2320,260000,1967,64
3,1290,256000,1948,75
3,1660,254000,1988,65
3,1370,252000,1997,62
3,2350,245000,1964,55
3,1780,245000,1985,73
3,880,241000,1945,52
2,870,240000,1947,55
2,890,230000,1934,76
3,1020,225000,1987,65
4,1470,215000,1967,68
3,1090,140000,1959,66
5,2560,1180000,1923,76
4,4160,1150000,1991,76
4,4020,818000,1987,57
4,3250,800000,2007,72
3,1120,750000,1952,68
3,2530,717500,1995,54
2,1390,686500,1928,76
3,2140,666000,2007,54
4,3220,640000,2013,74
3,2350,613500,1989,68
3,2605,599900,2003,55
2,1980,585000,1981,80
4,2360,577000,1979,73
2,1670,539950,2007,74
3,2490,535000,1906,73
2,1060,515000,1906,62
3,3190,495500,2006,76
3,1800,493500,1972,70
2,1480,490000,1940,60
3,2090,485000,1978,57
4,2220,464000,1978,73
5,1720,449000,1956,74
4,1970,442500,1960,65
3,1120,442500,1938,79
4,2100,426500,1990,53
3,1010,425000,1915,79
5,2880,419900,2012,79
3,1050,414500,1941,79
3,1910,390000,1997,60
3,1470,385000,1950,59
4,2790,378000,2004,69
3,1680,370000,1987,54
2,1340,360000,2009,80
5,2790,359900,1965,79
2,1240,352900,2002,71
3,1360,345000,1960,56
4,2280,345000,1983,71
4,2080,329800,1996,80
3,1950,313200,2013,61
3,1560,299900,1985,74
2,1140,276000,1923,77
4,1800,271000,1977,57
3,1630,240000,1977,59
3,1460,240000,1968,75
3,1690,240000,1913,66
2,1068,239950,1990,54
2,830,222000,1950,61
3,1020,219950,1926,54
3,1060,215000,1961,62
2,930,160000,1933,56
3,5120,1550000,2008,77
3,2480,1470000,1940,63
3,3870,900000,1991,64
3,2160,856000,2014,74
3,2170,848000,1930,73
3,2690,829000,2007,80
6,1430,800000,1954,71
4,4940,800000,1953,58
4,2540,750000,1997,67
2,1960,680200,1951,51
3,1680,637500,1966,76
5,4150,635000,2006,73
3,1460,629000,1970,79
5,2540,620000,1962,52
5,3040,605000,2011,76
3,1510,599950,2014,78
5,4020,590000,1970,56
4,1950,565000,1963,79
4,1580,557510,1912,77
4,2920,555000,1997,54
3,1500,530000,1927,71
3,1890,510000,1993,73
4,2160,499950,1965,80
3,1780,475000,1977,74
4,2320,475000,2006,70
4,1340,474905,1959,52
4,1650,470000,1977,59
5,1870,455000,1969,67
2,940,443500,1949,79
3,2840,440000,1950,69
3,1420,425000,2009,55
4,1640,414250,1977,80
4,1510,410000,1901,71
4,1790,393000,1974,80
3,1010,390000,1982,67
4,2040,366400,1977,78
2,770,365000,1929,73
3,1950,360000,1957,57
4,2270,311750,1976,59
3,1560,303000,1985,62
2,810,299900,1950,74
4,1800,295000,1975,67
4,1590,293467,2008,58
4,1560,262000,1997,66
3,1270,259000,1922,64
3,1340,225000,1903,51
3,660,225000,1940,69
3,1300,219950,1971,63
3,920,203000,1970,77
3,1340,176000,1986,62
3,1030,175000,1960,71
3,1440,380000,2008,76
4,2019,293000,2008,57
3,1810,270000,1981,54
3,3110,2260000,2003,76
4,7220,1940000,2000,65
3,3910,1700000,1933,62
4,2780,1650000,1951,77
3,3040,1600000,1980,54
4,3080,1170000,1968,52
3,2830,1090000,1915,50
3,2650,1050000,1984,51
3,3640,925000,1979,74
3,2440,925000,1961,64
4,3080,866500,2014,51
3,2720,835000,1988,74
4,2370,834000,1928,64
4,2950,825750,2012,77
4,3130,762500,1986,73
5,2210,648000,1964,73
4,2190,637000,1929,50
4,2500,635000,2014,56
3,1270,599380,1967,60
4,2170,565000,1961,59
3,2380,565000,1977,75
2,1170,530000,2010,74
3,1370,500000,1905,78
4,2720,485000,1977,52
3,2490,475000,1972,65
4,1470,465000,1963,62
2,1530,450000,2005,70
4,1500,432500,1901,50
2,1090,417000,1915,71
1,1080,411000,1948,74
3,1670,405000,1980,70
4,1560,400000,1964,55
3,1200,390000,1955,50
4,2130,380000,2014,73
3,2240,375000,1954,65
3,2370,366000,2006,69
3,1490,348000,2009,74
3,1340,340000,1987,76
3,1410,315000,1980,55
3,1530,315000,1980,72
3,1320,305000,2005,58
3,1730,297262,1994,73
3,1560,275000,2002,72
3,2710,275000,2003,59
2,820,265000,1957,73
3,1660,265000,1988,75
3,1700,262000,1962,76
4,1810,260000,1977,52
4,1810,259000,1960,67
3,1430,220000,1991,60
2,710,216000,1918,51
3,1610,215000,1976,56
3,1580,214000,1942,64
3,1300,208000,1960,80
2,780,146000,1937,59
3,1110,130000,1960,63
4,5850,1530000,1990,68
5,3400,1280000,1977,77
3,4530,1120000,1912,76
3,4020,1080000,1999,69
4,3250,1050000,1985,52
3,1220,940000,1955,63
4,3090,940000,1967,63
4,3700,898000,1992,77
4,3790,875000,2010,54
3,3090,822500,1999,66
4,2250,735000,1963,58
3,1770,671500,2012,55
3,2050,645000,1910,57
3,2570,634000,1962,68
4,2630,631000,1963,59
3,2010,620000,1979,56
3,1790,615000,1904,61
3,1110,610000,1967,66
4,1490,604000,1960,50
4,2430,602000,1963,75
4,2950,600000,2007,78
3,2970,599000,1967,71
3,1910,595000,1941,61
5,4300,593500,1972,67
3,2700,565000,2004,64
4,1700,545000,1926,53
3,1580,542300,2013,55
3,1860,539950,2014,64
4,1570,535000,1928,72
3,1626,526000,2007,57
4,2303,525000,1995,70
3,2320,525000,1990,72
3,1520,495000,1948,59
3,1340,466200,1959,70
3,1530,448000,2003,71
2,760,447000,1920,80
4,2210,435000,1978,78
4,1990,430000,1926,74
3,1120,425000,2008,58
4,2610,372000,1990,77
3,2510,353000,2001,61
3,1860,345000,1975,77
2,790,342888,1948,74
3,1920,340000,2007,78
4,2900,339000,2001,71
3,2420,325000,1977,53
3,1690,318000,1982,59
2,1210,305000,1921,68
3,1670,280000,1963,63
3,1220,280000,1984,71
4,2440,278800,1965,55
4,1960,277000,2001,59
4,2170,250000,1920,51
4,1200,173000,1957,77
4,3900,1650000,1972,63
3,1910,1500000,1955,70
5,2710,1190000,1959,77
4,4420,909500,2006,71
6,2620,900000,1957,52
5,3700,889950,2014,67
4,3010,822600,1979,52
4,3300,785000,1984,63
5,3050,760000,1931,51
3,3560,756000,1948,68
4,2790,723000,1977,68
4,2010,660000,1957,75
2,1640,640500,1939,72
5,2760,600000,1958,59
6,4470,598800,2013,61
4,2090,550000,1990,70
3,2800,550000,2001,59
2,1560,549010,1942,76
2,1200,546000,1948,52
4,2980,480000,2011,59
3,1570,476000,1980,67
4,2150,468000,1957,71
4,3040,454000,2000,63
3,1220,447000,1965,76
4,2680,419625,1988,59
3,1920,417000,1980,52
3,1710,411753,2009,74
4,2190,391000,2006,66
3,1520,386500,1972,61
5,2280,383000,1951,50
3,1400,380000,1948,66
1,890,362000,1996,80
3,1650,355000,1955,55
3,1930,345000,1951,71
3,3180,340000,1969,71
3,2329,327555,2010,71
3,1320,325000,1983,72
3,1190,319500,1961,57
2,860,316000,1906,51
3,1580,315000,1974,62
4,1660,300000,2011,71
4,1900,299950,2003,54
4,1130,293000,1944,55
3,1440,287450,2008,51
3,1450,275000,2010,66
3,1690,267000,1989,56
3,1260,259000,2012,58
3,1330,257000,1989,62
3,1120,249950,1976,79
4,2120,249500,1977,76
3,1370,246900,1968,64
4,1720,235000,1956,58
3,1500,230000,1984,76
3,1230,220000,1966,80
3,1750,199000,1993,74
2,700,190000,1951,56
3,1380,189000,1915,74
3,1200,186000,1969,60
4,1800,160000,1962,72
3,1270,140000,1981,67
2,1060,111300,1908,76
5,4150,3070000,1909,61
5,4660,2640000,2005,69
4,4210,1910000,2001,74
4,4410,1630000,2003,56
4,2530,1120000,2013,52
4,3550,880000,2007,75
3,1860,860000,1951,75
3,3500,797000,2008,76
4,2520,770000,1953,64
3,1910,746000,1952,60
2,2170,695000,2013,71
3,2110,677100,1993,59
3,2470,660000,1976,70
3,2410,614905,1991,51
3,1460,601500,1968,80
3,2490,572500,1991,80
3,1400,570000,2004,50
2,1140,570000,2014,62
3,1260,565000,1928,70
3,2280,557000,1995,64
4,1540,542000,1922,62
2,1340,520000,1939,54
4,3170,505000,2000,64
5,2300,500000,1956,56
4,2460,452500,2006,59
4,1690,420000,1960,51
5,2910,410000,1967,59
2,1120,380950,2007,67
3,1824,375900,2010,60
3,2740,363000,1990,64
4,2180,363000,2004,66
3,2390,363000,1995,80
3,1010,356999,1971,73
4,2390,339000,1920,54
2,1120,325000,1954,71
4,1210,315000,1941,63
3,1450,309000,1990,76
2,1010,302000,1944,74
3,2360,290000,1991,57
3,1250,275000,1942,59
4,1860,265000,1963,53
3,1200,250000,1955,72
2,1040,225000,1947,69
4,1920,200000,1914,76
2,1122,185000,1960,52
3,900,178500,1961,53
5,1680,175000,1979,60
3,1420,147200,1954,73
3,3330,1960000,1960,76
5,4420,1320000,1982,50
5,5040,1280000,2004,67
4,3970,949990,2014,55
3,3840,868700,2000,74
6,3970,810000,1970,65
4,1950,802500,1957,67
2,2160,798750,2005,79
3,2090,725000,1983,61
3,2230,722000,2014,67
3,2330,710000,1997,55
3,3290,685000,1992,64
4,3290,680000,2005,65
3,1970,678700,1973,77
4,1670,661000,1973,64
3,1770,660000,1952,80
4,2570,655000,1984,69
3,1480,641000,1952,51
3,2700,625000,1948,50
6,2040,610000,1961,80
4,2460,607500,1969,51
4,2110,607500,1978,64
4,3280,605000,1976,80
2,1370,600000,1905,51
4,2050,584999,1967,78
3,2220,576750,1966,53
3,1730,575700,1941,70
2,1500,570000,1926,67
4,1380,560000,1906,73
3,1010,550000,1940,67
4,2880,536000,2006,79
5,2430,502500,2007,52
3,1700,467500,1918,51
4,1790,455000,1976,60
4,2520,435000,1955,64
5,2060,432000,1989,63
4,1950,428000,1966,66
5,2110,425000,1947,79
3,1110,411500,1980,61
2,1410,400000,2008,80
3,1320,390000,1978,62
2,870,387500,1938,54
3,2210,383150,2003,68
5,2550,369000,1959,69
3,970,360500,1974,61
4,1840,360000,1996,70
4,2580,355000,1992,80
4,2181,340000,2006,59
2,1470,338000,1919,76
4,2230,334950,1999,79
5,2230,334950,2014,73
1,670,334000,1942,66
3,1200,329000,1928,53
5,2240,328000,1990,64
3,1240,318000,2009,52
3,2070,312000,1917,73
4,1940,311500,1992,79
4,2000,310597,1958,67
4,1950,310000,1986,61
3,1430,305000,1957,60
3,1110,279000,1949,62
3,2190,269100,1995,79
3,1122,265000,1900,69
3,1020,241000,1981,67
4,1220,240000,1969,57
4,1450,205000,1967,63
3,1270,196900,1954,71
3,1180,190000,1966,52
3,1530,147500,1959,69
3,3400,815000,2001,53
3,1930,605000,1978,75
2,1130,325000,1955,69
4,1370,219000,1948,76
4,2510,750000,1977,70
3,1060,555750,1913,51
2,1190,550700,2004,55
5,3400,510000,2005,67
2,830,425000,2005,68
4,1790,199900,1944,71
4,3890,1600000,2005,58
4,3350,1200000,1995,60
3,2800,915000,1957,63
3,1480,856000,1928,70
3,3120,850000,1983,76
4,3280,810000,1985,74
3,2280,749700,1977,75
3,1920,725000,1913,66
4,2440,675000,1969,74
3,2900,630000,1987,77
3,2240,600000,1984,58
4,2530,590000,1977,67
3,2180,590000,1949,68
3,1750,585000,2008,65
3,2660,579000,1962,56
2,1380,570500,1954,54
2,1720,565000,1925,69
3,1600,562000,1962,79
2,1370,547000,1922,52
4,2190,540000,2010,70
3,2130,539000,2010,56
2,820,532500,1924,52
5,3230,530000,1965,69
2,970,515000,1916,52
3,1780,500000,1979,54
3,2620,470000,1999,69
5,2940,464500,1955,71
5,2880,439000,1991,80
4,1700,437000,1954,58
4,1960,435000,1963,68
4,1820,429900,1962,52
3,2230,428000,1977,70
5,2840,425000,1962,67
4,3362,410500,2004,69
2,1560,410000,1954,67
3,1140,407000,1954,74
3,1330,405000,1966,51
3,1840,403000,1980,50
4,1970,400000,1973,57
3,1180,400000,1969,55
3,1630,398500,1996,65
3,1000,396480,1959,60
2,1140,355000,1988,61
3,1050,350000,1955,60
3,1400,348125,1953,65
5,3150,345000,1966,73
3,2240,340000,2003,54
3,990,335000,1970,77
4,2290,325500,1969,76
4,1960,325000,1954,77
2,1070,325000,1942,78
3,1590,323000,1912,62
3,1220,319000,1986,64
3,1890,315000,1978,61
3,1240,290000,1954,58
3,1660,279950,1974,62
2,1060,279475,1968,68
2,840,275000,1942,54
3,1910,260000,1954,55
1,710,257500,1916,62
3,1628,250000,1996,71
3,1000,230000,1915,78
3,1820,227490,1967,74
4,1910,220000,1986,80
2,1140,199000,1932,50
2,1210,156601,1984,79
2,1090,149900,1982,60
3,1300,137000,1959,50
4,4070,2300000,2004,63
3,5403,2130000,1976,71
4,3070,1900000,2009,58
3,3910,1480000,1949,60
4,2860,1200000,1982,78
4,3930,1090000,1987,61
4,2910,945000,1937,64
4,3560,896000,1992,51
3,2850,799990,1994,56
4,3440,781500,2001,52
3,2050,770000,1930,74
4,3276,720000,2008,66
4,2870,700000,1959,66
4,2290,685000,1900,57
3,2580,665000,1925,64
3,1740,640000,1998,68
4,2270,624900,1967,64
2,1510,622500,2013,68
3,1440,604000,1957,73
3,2000,593700,1979,54
5,3480,590000,2012,59
2,1650,580000,1943,52
2,1400,575000,1940,52
4,3330,555000,1994,59
3,1760,554000,1931,67
4,3350,550000,1990,52
4,3140,529888,2003,69
3,1680,510000,1987,59
3,2100,509250,1980,75
3,1570,495000,1940,58
3,2410,490000,1989,78
3,3080,489000,2006,67
3,1920,475000,1986,67
2,920,475000,1909,56
4,2320,470000,1975,78
4,2170,460500,1991,52
2,1120,450000,1924,64
4,3060,446500,1974,70
3,1760,444950,1962,78
3,1830,440000,1954,63
3,1790,437500,1976,57
3,2040,435000,1954,59
3,1810,431000,1954,69
4,1300,428000,1958,56
3,1180,425000,1951,70
3,1960,422500,1977,61
3,1790,415000,1976,64
4,2550,406250,1990,51
3,1650,400000,2009,73
3,1430,394900,1962,62
4,2320,380000,1994,71
4,2020,370000,1946,52
3,1110,365000,2008,77
3,1610,358000,1985,77
5,3120,341500,1980,64
4,1100,330000,1904,66
3,1300,325000,1977,61
3,2260,325000,2004,58
2,1040,325000,1921,62
2,1643,324950,1954,77
2,1090,310000,2004,53
3,1480,300000,1979,78
3,1500,295000,1994,71
3,1550,290000,1983,66
3,2200,290000,2003,52
4,1600,286000,1902,67
4,1900,285000,1988,52
4,1800,285000,1994,67
3,1620,280500,1990,77
2,1190,277500,2005,67
4,2350,270000,2003,53
2,620,265000,1941,55
2,920,265000,1995,53
3,1360,260000,1987,77
3,1180,249500,1968,57
2,1020,245000,1933,73
4,1450,234950,1967,60
3,1680,227000,1968,68
3,2170,225000,1967,59
3,1580,221347,1944,76
2,2060,213500,1930,75
3,1040,204000,1971,74
2,1160,175000,1947,67
2,790,169317,1908,69
3,1810,162000,1978,73
3,1210,132825,1969,67
5,2870,1160000,1966,79
3,2100,990400,2008,69
4,1220,935000,1903,77
5,7120,900000,2007,74
3,2160,895000,1991,61
4,3060,877500,1922,73
5,3620,858000,1964,66
4,3080,841000,1981,71
4,1780,800500,1962,78
4,4270,770000,2001,54
4,3090,760000,1992,51
6,2880,751000,1980,64
4,2820,750000,1974,57
6,3830,710000,1995,54
3,2400,705640,1968,66
4,2230,700000,1908,72
3,1640,700000,1951,62
4,2440,689000,1961,65
3,1800,655000,1952,59
3,2120,650000,1940,54
4,2910,645000,2012,66
3,1720,638000,2004,67
4,2000,630000,1925,68
4,3120,615000,1997,66
4,2590,570000,2003,51
4,3270,560000,1979,80
3,1230,550000,2013,67
2,1780,535000,1976,59
3,1930,531800,2004,74
3,2160,530000,1992,63
3,1500,529000,1974,62
2,1210,529000,1950,70
4,2430,518000,1978,55
3,2410,485000,1995,78
3,1310,475000,2008,65
3,1690,461000,2002,67
3,940,435000,1959,71
5,1720,435000,1967,67
3,2120,425000,1947,76
4,2930,420000,1977,68
2,1000,417200,1910,52
6,2500,415000,1966,76
5,2670,410000,1980,80
3,1070,386950,2009,56
3,1560,385000,1944,60
3,1230,383610,1989,59
2,710,375000,1925,58
8,2850,373000,1959,56
3,2400,357000,1971,65
5,1790,346000,1964,77
3,1840,340000,1953,64
3,1333,338500,2009,79
4,2180,330000,1972,52
3,1690,330000,1955,61
3,3360,329999,1988,73
3,1300,325000,1950,53
3,1780,315000,1980,69
3,1350,299000,2010,52
4,1890,298500,2004,62
3,1180,289900,1944,57
2,1340,269950,1949,62
4,1530,260000,2010,76
2,750,258000,1945,79
3,1490,256400,1963,77
2,850,250000,1951,78
2,1220,245000,1942,58
4,2050,245000,1977,63
3,1330,245000,1968,58
3,1650,241000,1990,65
3,1050,208000,1948,51
3,860,189000,1969,53
3,1370,170000,1947,67
1,470,156000,1947,66
2,600,110000,1943,77
1,570,89950,1942,60
6,2980,1310000,1911,59
3,1990,1080000,2012,62
4,3080,1050000,1961,52
5,3760,998000,1969,74
4,3290,965000,1906,56
3,2750,819000,2000,60
4,1990,745000,1972,50
3,2360,709000,1951,78
4,3090,708000,2005,76
4,2040,705000,1937,57
3,2230,700000,2014,76
4,2710,690000,2007,64
4,1900,650000,1954,65
3,1780,643000,1954,66
4,2755,625250,2003,70
2,1210,610000,2014,64
4,2990,590000,1948,73
4,2280,575000,1966,62
4,2070,565000,1940,79
3,1110,550000,1904,68
3,1950,540000,1978,77
4,2370,522500,1977,57
4,3060,520000,2005,59
4,1540,519500,1964,72
3,1130,460000,1944,59
4,2190,450000,1964,63
2,1330,440000,1985,66
2,1440,439950,2010,59
4,1570,430000,1975,67
4,2880,429900,2014,61
4,2290,425000,1947,69
3,1360,415000,1971,75
3,2280,413000,1977,72
4,2000,380000,2003,54
4,2820,369900,1984,60
3,1108,369500,2009,61
4,1760,365000,1966,68
3,2730,350000,1998,76
2,1240,331000,2008,58
4,1620,327000,1980,67
3,2120,325000,1973,68
4,1770,324950,2004,70
3,1100,306500,1965,57
4,2430,305000,1990,74
5,2360,302000,1926,76
4,2200,300000,1978,55
3,1730,300000,1976,64
4,1260,295000,1947,77
4,1660,290000,1968,50
3,960,290000,1968,62
3,2120,289500,2002,61
2,1010,286000,2007,78
2,790,285000,1956,60
4,1540,278500,1971,62
5,2140,270000,1967,63
3,1450,265000,1991,67
3,1489,260000,2011,77
4,2060,257500,1977,50
3,1340,255000,1975,61
3,1150,252000,1956,64
3,1180,248000,1968,74
3,1630,246000,1976,80
3,1830,236775,1987,73
3,1480,234000,1968,75
3,1900,230000,1967,56
3,1460,220000,1993,63
2,900,210000,1930,79
3,1250,205000,2008,74
4,1280,199000,1960,78
3,1260,195000,1959,59
3,1510,190000,1946,70
3,850,132500,1945,69
5,3300,1510000,1957,51
3,2050,761000,2006,74
3,1430,465000,1984,63
5,4820,1060000,1990,58
4,2880,635000,2014,51
4,1650,490000,1947,72
2,1760,490000,1951,62
2,1490,467500,1918,80
4,2610,390000,2011,80
4,3181,379900,2014,60
3,1310,365000,2007,69
4,2420,279950,1914,79
2,1320,269950,1968,63
3,1420,269000,1984,80
3,1630,264500,1990,76
3,1400,232000,1976,61
4,3560,1360000,2001,73
3,3180,1330000,2008,70
3,2240,1270000,1941,52
4,3840,829900,2001,53
4,2040,775000,1924,55
3,3270,765000,1992,69
5,3920,710000,2007,65
5,3250,705000,2010,51
5,2870,690700,2005,68
4,2260,685000,1978,60
4,2440,649950,2005,70
4,2120,637000,1983,50
3,1340,635000,1900,55
3,2290,635000,2014,60
3,2250,615000,1987,55
3,1120,615000,1977,64
4,2760,614000,1940,59
3,3200,605000,1965,75
4,3040,598780,1963,77
3,1520,575000,1945,60
5,2990,559950,2014,65
3,2220,542000,1985,65
3,2050,535500,1994,78
3,1660,529941,1961,64
3,1590,489950,2014,75
3,1570,485000,1984,75
3,1260,485000,1907,72
3,2300,482000,1984,56
3,1270,461000,2007,54
3,1250,458500,1964,78
3,1250,455000,1965,69
3,1850,440250,1948,64
3,1480,436000,2008,57
4,1850,430000,1991,55
3,1360,425000,1955,60
5,2150,420000,2003,70
2,700,400000,1927,71
3,1100,400000,1900,72
4,2310,400000,2014,59
3,1780,399000,1977,66
4,2480,399000,2012,78
3,1500,392000,1970,73
3,1650,390000,1910,50
1,710,390000,1928,78
4,2560,379500,2013,78
4,1620,365000,1980,50
5,2680,359999,1995,62
3,1540,357500,1966,67
3,1080,350000,1916,78
3,2250,342000,1992,70
2,1700,340000,1956,52
3,3040,340000,1999,65
3,2400,335750,1955,78
4,2190,335000,1996,79
3,1150,335000,2013,74
3,1390,328500,2004,54
4,2460,325000,1969,79
3,1570,325000,2001,51
3,1190,322500,1996,59
1,1780,316000,2001,59
3,1520,314950,1967,78
4,1390,302059,2008,59
3,2850,300000,1977,53
3,1350,299999,2007,50
3,1990,293000,1990,78
3,1290,275000,1979,55
5,1580,265000,1913,57
3,1150,260000,1910,55
4,1250,255000,1955,66
3,1310,241500,1995,53
4,1880,212000,1946,58
3,4110,1450000,2000,51
2,2620,1360000,1931,69
4,4270,1100000,1993,80
4,2730,1030000,1948,76
4,4740,970000,1987,71
3,3270,875000,1988,73
4,2180,875000,1966,57
3,2720,873000,1997,50
4,2020,868000,1943,69
3,3070,850000,1928,68
2,1800,850000,1962,52
5,3410,815000,1974,78
5,3190,780000,2013,67
3,1370,720000,2014,56
4,2930,718000,1939,77
3,2780,709000,1913,77
4,3280,671300,2004,78
4,2950,630000,1975,66
3,1590,609500,2014,65
3,1480,598950,2014,55
3,1730,596000,2001,52
3,920,589000,1904,69
3,1910,588000,1951,67
3,3530,583500,1985,80
4,2190,565000,1935,64
4,2040,545000,1959,54
3,1670,540000,2002,68
2,1170,540000,1903,80
4,2200,522500,1971,74
3,1430,517500,1940,64
3,3020,515000,2003,54
3,2210,500000,1972,64
3,2580,499950,2001,61
3,1780,499000,2004,75
3,2080,490000,1978,68
2,940,473000,1942,53
6,2490,470000,1966,79
3,1210,450000,1928,65
2,960,450000,2008,50
2,720,447000,1925,76
3,1750,437000,1994,50
3,1450,435500,1985,75
2,1840,430000,1952,51
3,2670,430000,2010,77
3,3440,430000,1974,58
3,2080,420000,1963,69
4,1700,420000,1950,54
3,2260,418200,1992,66
5,2060,417500,1954,75
4,2210,415000,1975,71
3,2620,408000,1991,50
3,1970,406500,1966,57
3,1440,405000,2005,58
2,1030,397000,1942,70
3,1500,396000,1967,69
3,1390,396000,1949,75
3,1730,394999,1958,68
3,1550,386000,1980,60
5,1680,380000,1906,60
3,2190,375000,1989,74
2,1390,370000,2007,64
3,1480,369300,1967,61
2,870,365000,1948,72
3,1650,350000,1988,56
3,1540,350000,1950,55
3,1430,345000,1908,60
4,1520,330000,1968,69
3,1950,323000,1989,63
3,1190,320000,1929,77
3,1610,319502,1990,61
4,2280,312500,1957,55
2,770,310000,1948,54
4,1870,293000,2009,70
3,1880,290000,1980,64
2,890,285000,1943,70
3,1540,284200,1959,57
2,1770,279000,2003,56
3,1952,270500,1960,66
4,1730,270000,1961,67
3,1530,269000,1986,70
3,1680,265000,1989,53
3,1690,265000,1997,73
3,1600,260000,2005,66
3,2160,260000,1981,67
2,750,258305,1919,77
3,1500,255000,1943,68
3,1310,255000,1994,63
4,1750,240000,1944,73
4,1220,230000,1970,58
3,1030,229950,1944,72
2,1180,209900,2005,75
3,1690,199500,1986,74
4,1360,197000,1961,58
2,1390,191950,1987,68
5,1990,178000,1960,78
3,1290,163000,1996,74
4,1410,139000,1966,69
3,1080,115000,1981,63
6,5550,2350000,2014,56
4,4500,1980000,1990,53
5,4360,1790000,2014,57
5,4070,1450000,2014,59
3,2960,1330000,1953,78
3,2350,1300000,1976,75
4,3090,1110000,1956,52
4,2480,906000,1951,50
4,3640,895900,2014,62
4,2550,855000,1908,77
4,3390,835000,1987,54
3,2410,822000,1985,69
4,2700,810000,2006,72
3,1690,780000,1978,52
4,2310,760500,1977,71
6,3360,735000,1962,53
3,1880,735000,1978,76
4,2980,728935,1993,77
3,1140,704000,1926,54
4,1470,700000,1918,56
4,2550,675000,1997,77
3,2460,665000,2014,57
6,1530,642000,1921,71
2,1760,605000,1927,64
5,2980,595000,1940,60
3,2250,595000,2003,69
4,2110,580000,1977,55
3,1580,575000,1911,56
2,1320,575000,1928,71
3,1850,572000,1908,64
3,3210,565000,1998,56
3,1490,565000,1954,70
3,2510,562000,1925,72
3,2507,551870,2006,76
3,1260,550000,1951,71
4,1880,545000,2007,62
4,2340,539000,1993,51
5,2590,539000,1973,58
4,2590,533000,2003,67
2,900,529500,1944,53
4,2740,525000,1992,78
3,2700,524950,1977,72
4,2400,500012,1962,77
3,1440,500000,1974,62
4,2310,495000,1997,75
3,1250,491000,2000,68
3,1670,484950,1987,53
4,2240,482000,1979,53
3,2950,482000,2003,79
4,2270,479000,1940,56
5,3100,460000,1963,58
5,1510,455000,1983,58
3,1010,450000,1905,63
3,1340,450000,1972,69
2,1020,450000,2008,59
5,3880,445000,2004,50
2,1090,440000,1948,69
3,1720,439950,1950,57
4,1520,425500,1967,52
4,2689,425000,2006,66
3,1410,399500,1967,65
4,1040,396000,1944,51
3,2030,389000,1961,66
3,1900,380500,1994,78
4,2612,379950,2014,54
4,2320,370000,1994,70
3,1830,350000,1946,71
3,1720,340000,1958,52
2,690,340000,1918,69
4,2300,329950,2006,53
4,1640,325000,1928,67
3,2130,325000,1989,65
3,1380,322000,1944,74
2,1240,319950,1921,67
4,2730,319500,2006,57
3,1250,305000,1967,70
6,2650,302000,1911,63
4,2410,299800,2002,72
3,2000,286300,1964,56
4,1970,285000,1979,51
4,2130,285000,1967,51
5,1820,275000,1979,50
5,1950,274000,1962,67
3,1560,273000,1955,51
1,520,262000,1920,58
3,1300,250000,1968,76
3,1520,249000,1985,55
3,1300,235000,1963,77
3,1520,235000,1971,67
3,1040,200000,1961,72
4,1780,200000,1900,56
2,1180,195000,2005,64
3,840,185000,1959,63
2,770,180000,1933,75
3,1090,180000,1929,55
5,3940,1970000,1951,54
5,2450,1550000,1963,56
3,2100,999999,2008,64
4,3510,970000,1976,62
3,2030,910000,2007,64
3,1950,899000,1996,75
2,1150,830000,1921,68
5,3030,794500,1913,64
5,2690,690000,1919,63
4,2080,635000,1954,71
3,2900,616000,1959,60
3,2660,615000,1951,77
3,1780,615000,1927,57
4,2500,587500,1956,54
3,1560,566000,1999,69
3,1010,525000,1902,52
4,1180,517000,1950,58
3,2730,510000,2012,77
5,3600,484000,1976,80
5,1900,470000,1920,58
3,1770,464000,1992,63
3,2130,454900,1973,50
3,1760,440000,1976,66
3,1690,430000,2004,63
2,1260,401000,1983,73
3,1410,400000,1983,52
4,2360,392000,1983,62
4,2420,380000,2009,54
3,1420,364000,1987,55
3,1120,360000,1966,62
3,2480,350000,1969,77
2,720,350000,1950,61
5,2230,347500,2014,60
4,2260,341780,2014,55
5,2620,330000,1979,64
3,1510,322000,1979,53
5,2970,320000,1979,80
3,2100,317000,1990,63
5,2900,310000,1969,59
4,2520,303697,1955,50
3,1800,286000,2006,61
3,2150,284000,1968,56
3,1750,279000,1962,57
3,1060,275500,1981,78
3,1470,269000,1985,63
3,1860,267500,1976,64
4,2000,267000,1963,73
3,2740,259000,1964,56
4,1380,253750,1939,55
3,1200,251000,1949,77
3,1480,250000,1958,55
3,1481,250000,2012,52
3,1080,228500,1942,57
3,1940,219000,1979,68
3,1470,215000,1986,69
3,1040,190000,1943,51
3,1390,190000,1965,63
2,720,181000,1954,62
3,880,160000,1966,79
3,1200,153000,1962,57
4,3790,1870000,2006,51
4,2860,1450000,2013,60
3,2910,1400000,1989,61
4,4150,988990,2014,77
3,2460,930000,1925,71
4,3530,908990,2014,52
3,3310,780000,2005,74
4,3370,720000,1977,80
4,2630,715000,2014,66
4,2270,643000,1988,50
3,2200,637000,1986,72
3,1210,635000,1930,74
4,1760,620047,1946,73
4,2550,612500,1992,57
2,2320,600000,1976,61
3,1930,550000,2014,63
4,2030,500000,1961,55
4,1970,499000,1999,71
2,1020,450000,1906,50
3,2380,445000,2008,58
2,990,435000,1947,51
3,1970,429800,1986,50
3,1940,425590,2008,63
2,1300,425000,1955,73
3,1445,415000,2004,78
3,1502,403000,2005,60
3,1460,400000,2002,63
2,980,395000,1907,73
2,1300,394950,2011,51
2,1840,375000,1955,57
4,2730,374950,2005,53
3,2529,370950,2012,65
3,1820,369000,1969,61
4,1820,367000,1947,61
4,1230,340000,1963,77
5,1720,339000,1970,67
3,1140,330000,1959,58
2,1230,325000,2008,60
3,1500,315000,1967,52
3,1140,309000,1962,56
4,1400,295000,1961,53
4,1440,275000,1943,51
3,1240,248500,1939,59
2,770,217000,1942,50
3,1180,207000,1958,52
3,1330,205500,1986,75
3,1460,204000,1980,61
3,1010,200000,1984,77
2,860,170000,1931,66
3,1240,140000,1954,74
4,3430,997000,2001,63
3,1810,579950,2014,80
2,1010,550700,1908,73
4,1252,352000,1996,73
3,1840,285000,1983,78
3,1510,624000,1922,80
4,2040,534000,1926,75
3,1640,505400,1926,68
3,1180,490000,1902,76
3,1570,440000,1947,68
2,720,151000,1949,53
4,2870,2000000,2012,50
5,4250,1810000,1984,69
3,4090,1680000,2007,69
3,2690,1650000,1975,64
4,2750,1450000,1914,63
5,4170,1300000,1991,62
5,2890,1100000,1963,64
4,3390,895000,1916,72
4,3310,885000,2010,71
4,3070,858000,1978,66
4,2810,750000,2011,68
4,2570,719000,2005,76
3,2660,650000,1976,64
4,2500,585000,1947,79
2,1110,585000,1951,62
3,1670,545000,1974,75
3,1660,515000,1954,53
4,2240,469000,1961,60
6,2390,462500,2014,72
3,1210,460000,1951,56
5,2500,455000,1963,74
4,2710,455000,1997,56
3,1100,428750,1929,70
4,2240,410000,2006,77
3,1420,404000,1947,73
2,700,395000,1943,56
3,1260,380000,1951,76
4,1812,370000,2011,73
2,820,365000,2009,60
3,1430,350000,1948,79
2,1150,350000,1944,80
3,1150,350000,1970,58
3,2070,329950,1987,80
3,1700,319950,1996,52
3,1520,310000,1958,63
2,2180,275000,1959,71
2,1440,265000,1990,71
3,1620,247500,1998,68
3,1350,245000,1981,67
3,1310,235000,1934,58
3,820,220000,1977,79
2,1090,204000,2007,76
3,1170,200000,1957,58
4,4730,3400000,1954,58
5,3630,1560000,2008,50
5,3520,1500000,2008,54
3,1890,1430000,1949,66
4,4680,1350000,2008,79
3,2240,1080000,1995,56
3,2950,992000,1966,53
5,2730,920000,1927,55
3,2480,910000,2010,59
4,2800,883000,1990,57
4,1720,772500,1928,58
3,2360,753000,1950,68
5,3240,750000,1958,78
4,2180,734000,2014,74
3,1590,720000,1939,55
3,2310,713000,2011,65
5,2110,674000,1946,50
4,2110,670000,1977,56
3,2160,670000,1954,69
4,2390,647000,2000,53
4,2460,638250,1989,65
4,2400,590000,1988,75
2,1370,585000,1949,70
4,1630,575000,1947,51
4,2870,564000,2004,56
4,2190,563500,1999,62
3,1580,551000,1947,78
4,4386,545000,2006,74
4,2120,525000,1965,62
3,1720,521000,1974,58
3,1480,516500,2004,69
3,940,500000,1964,58
4,1910,498500,1993,65
4,1810,495000,1960,57
3,1440,465000,2003,66
3,1920,465000,2014,76
4,2030,435000,1925,64
2,1160,425000,1947,74
2,1550,425000,1940,72
3,1670,425000,2007,57
2,1460,420000,1924,63
4,3360,420000,1990,50
3,1060,405000,2007,80
3,1490,390000,2009,56
3,1930,385000,1963,68
2,1300,378000,1963,58
3,1290,370000,1984,63
3,3085,359000,1959,59
5,1880,340000,1917,53
4,2150,339950,2010,76
4,3160,335000,1968,57
3,2200,315000,2004,61
3,1890,310000,2003,66
4,1714,305000,2010,67
3,1740,299950,2012,74
3,910,274250,1962,66
3,1230,273000,1992,66
3,1330,259500,1989,70
2,860,256000,1915,70
4,1760,247500,1962,66
3,870,177000,1969,72
3,1480,147000,1964,54
1,780,90000,1905,58
5,4340,2950000,2010,53
3,4200,2230000,1933,50
6,5110,2140000,1906,67
3,2580,1770000,1951,56
3,2710,1430000,1975,57
4,2960,1020000,1900,53
5,3450,950000,1992,73
3,3400,900000,2000,65
4,2850,895000,1998,75
2,3050,890000,1991,60
4,2890,855000,2014,77
3,3570,840000,1985,51
3,1080,818900,1919,72
3,1920,781000,2000,58
4,3220,763000,1994,77
2,1110,750000,1904,53
3,2480,729000,1990,58
5,2380,705000,1909,61
4,2810,702000,2005,77
3,1990,700000,1980,78
4,3510,695000,2001,60
3,1090,690000,1945,59
4,2210,640000,1999,65
4,2900,637000,2007,71
4,1770,632500,1906,74
3,2140,625000,1911,54
4,2130,620000,1988,57
4,1490,607000,1926,62
3,1980,606000,1911,63
3,1480,600000,1954,55
4,2940,590000,1974,73
4,2160,585000,1952,58
2,1250,575000,1911,54
3,1260,570000,1905,55
2,930,550500,1909,51
4,3148,550000,2014,78
3,1540,539000,1954,67
3,1990,536000,1993,57
4,2840,535000,2014,79
3,3140,532500,1984,50
3,1410,529500,2014,80
3,1880,529000,1993,63
3,2210,520000,1967,56
3,1900,515000,1925,52
3,1610,512500,1976,64
3,1610,512000,1977,56
3,2520,496000,1955,50
2,950,492000,1942,80
3,1770,490000,1962,67
3,1980,470000,1994,61
3,1550,453000,1949,63
3,2650,446500,1990,72
2,910,445000,1936,56
3,1500,431000,1953,78
3,1110,413252,1951,75
2,800,410000,1927,55
5,1550,405000,1961,73
4,3010,401000,1952,67
4,1070,400800,1923,52
3,1170,400000,1925,54
4,2180,390000,1962,73
5,2250,390000,1966,52
3,1320,385000,1995,54
1,620,385000,1954,50
4,2050,383000,2014,73
3,2150,380000,1980,68
3,2290,365000,1988,66
3,1280,360000,1945,58
5,2473,343000,1963,77
4,2350,339100,1992,68
3,1890,325000,1966,77
2,820,320000,1940,75
5,2110,315000,2005,64
3,2150,310000,1926,66
3,1090,292000,1929,70
3,2020,290000,2005,57
3,1280,280000,1991,80
3,1720,279950,1978,57
3,1850,279950,1978,79
3,2070,279000,1964,68
2,920,275000,1955,59
3,1570,273950,2002,78
3,1410,271920,1985,77
3,1470,265953,1975,68
4,1220,260000,1944,73
2,1400,250000,1929,68
3,1480,243000,1955,55
3,1300,242000,1962,74
2,1280,239950,1949,76
2,900,230000,1939,50
2,1510,226000,1951,77
3,1490,225000,1946,53
3,960,224975,1977,58
5,1930,218000,1966,78
3,1220,210500,1958,68
2,750,210000,1950,55
2,950,200000,1955,78
3,1220,196000,1953,77
2,1250,163000,1962,58
4,4150,1950000,1963,72
5,3930,1740000,2014,61
5,3310,1650000,2000,64
6,5740,1380000,2000,80
3,2050,1030000,1922,69
4,3180,1000000,1979,51
4,3530,910000,1986,72
4,3070,900000,1922,52
4,2970,855169,2014,74
4,2860,825050,1925,65
3,2920,795000,1975,64
3,2940,780000,1994,77
4,2100,759950,2005,72
3,1380,740000,1950,67
4,2210,733000,1977,62
4,3350,700000,2004,72
4,3140,680000,1991,55
4,1770,675000,1971,51
4,2350,635000,1980,67
3,1680,629950,2014,67
4,2350,625000,1960,75
3,2460,605000,1977,71
5,3470,599000,1978,71
4,2550,561000,2001,71
3,2040,552500,1958,80
5,2520,545000,1981,54
2,1380,543115,1947,75
3,1380,539000,1915,71
3,1790,525000,1985,50
3,1480,501000,1954,55
3,2100,499900,1999,69
3,1760,485000,1992,79
4,2600,480000,2005,80
3,2540,475000,1978,70
3,1600,453000,1966,50
4,2200,450000,1968,78
2,1180,447500,2004,77
2,1270,425000,1939,56
6,2290,420000,1980,73
3,1660,412500,1988,60
4,2669,402395,2014,60
4,2740,385000,1980,68
3,1520,385000,2006,76
4,1710,380000,1950,78
2,1450,355000,1965,62
3,1150,354500,1950,71
3,2570,348000,1989,80
4,2020,345000,1955,61
4,2665,340000,2006,52
4,2320,340000,2010,79
3,1654,336600,1995,69
3,1210,335000,1954,51
3,1770,316500,2005,60
4,2550,315000,1967,80
4,2020,308000,1993,55
3,1250,308000,2009,64
3,1190,306000,1959,71
3,1780,292000,1981,68
3,2099,289950,2010,71
3,1320,284000,1990,58
3,1470,264950,1967,60
2,1070,259950,2008,69
4,1270,256000,1950,71
3,1010,255000,1960,75
3,1490,255000,1990,59
3,1850,255000,1989,78
3,1130,250000,1952,55
3,1560,250000,1976,52
4,1790,244950,1966,67
4,1440,230000,1967,79
3,1720,230000,1981,73
3,1140,218000,1970,77
4,1340,205000,1970,69
3,1070,175000,1967,69
2,700,175000,1941,59
3,1250,150000,1968,55
3,1100,130000,1913,57
2,910,85000,1947,60
4,2950,1870000,1951,78
3,2790,1800000,1933,52
4,2170,1330000,1905,56
4,2660,1230000,1906,67
5,2830,1100000,1958,51
4,4080,1050000,2001,80
4,2620,1030000,1962,58
4,3980,970000,2002,78
3,3320,959000,1979,53
3,2340,850000,1981,71
4,3260,820000,2007,64
4,1600,725000,1926,63
3,3370,713900,2000,73
5,1900,685000,1966,70
4,2420,655000,1972,75
3,1870,619100,1977,58
3,2980,615000,1978,79
4,1670,605000,1917,64
3,2220,595000,1922,50
4,2330,595000,1984,57
4,2170,588000,1975,60
3,1790,585000,1974,77
3,1710,557000,2008,56
3,1740,550000,2000,76
3,2010,550000,2014,64
3,1010,550000,1942,65
4,2740,530000,2015,61
3,1550,530000,2005,78
4,3400,515000,2005,73
3,1800,508000,1978,58
4,2120,500000,1949,71
3,1620,450000,2009,74
4,2350,397500,1989,78
3,2430,369950,1977,51
4,2960,367000,2006,74
4,2506,365070,2006,57
2,1420,335000,2007,69
3,1840,325000,1978,52
4,2110,324950,2013,67
3,1630,308000,1979,55
4,2080,286950,1984,75
4,2040,284000,1994,54
3,1700,280000,1974,58
3,1350,272450,1954,57
4,1970,265000,1955,69
5,1950,262500,1980,78
3,1770,260000,2005,68
5,2200,259875,1996,75
3,1010,254000,1943,64
2,590,240000,1953,51
4,1540,235000,1955,59
4,1420,225000,1950,60
3,920,215150,1969,52
2,1050,198500,1959,74
3,1000,196000,1989,57
3,1430,195000,1958,55
3,1630,185850,1943,76
2,740,122000,1942,59
4,2040,475000,1997,65
4,2400,392500,1953,50
3,910,305000,1971,56
2,900,263300,1951,55
4,1910,340000,1987,52
5,2660,1710000,1959,73
2,3010,998160,1976,79
4,3820,991500,1995,73
3,2920,859000,1999,66
3,3020,775000,2008,50
3,1500,765000,1984,56
3,1360,763000,1942,74
4,2570,752000,1961,77
3,1760,750000,1927,72
4,3080,679000,1969,79
4,2480,665000,1994,76
2,2090,649000,1988,72
2,1280,649000,1908,65
5,2240,635000,1920,76
3,1550,622000,2003,65
5,2230,620000,1923,54
4,2110,610000,1988,76
3,1610,565000,1928,59
4,3160,558000,1997,68
3,1620,549500,1961,74
2,1530,546000,2010,64
3,2370,535950,2003,57
3,1880,535900,1975,75
5,2720,530000,1958,57
4,1610,526000,1966,76
2,1510,479950,2005,70
3,2480,470000,2004,51
4,2620,443000,1987,75
3,1800,440000,1982,73
3,1780,438000,1962,65
2,1460,437000,2007,78
4,2730,435000,1987,75
4,2820,428900,2006,74
3,2240,418200,1980,69
3,1220,415000,1950,63
3,1130,411500,1954,50
3,2220,400000,1993,62
3,1390,392500,1940,58
3,1200,385000,1978,69
3,1770,375000,1992,51
2,1320,369000,1942,78
3,1450,359000,2004,72
4,1970,352500,1962,62
3,1620,347500,1981,59
3,1180,347500,1960,65
4,2420,329990,1997,60
3,1480,325000,1984,51
4,2090,325000,1993,58
3,1590,320000,2004,51
3,1690,314950,2003,77
4,1890,311850,2014,79
3,770,307000,1942,50
3,1830,298900,1994,71
4,1650,295000,1964,73
3,1480,270000,1954,79
3,2840,270000,1977,53
3,1890,265000,1996,78
4,1960,260000,1967,70
2,690,260000,1949,73
3,1460,258500,1989,58
3,1350,255500,1942,66
3,1670,245000,1974,65
3,1250,230000,1955,75
3,1260,204555,1983,50
3,930,200000,1943,70
3,1110,190500,2007,56
3,1270,190000,1980,55
3,1200,185000,1966,65
5,3810,1700000,2014,72
4,3950,1700000,2015,50
3,3110,1500000,1980,79
4,3300,1250000,1933,55
4,2960,1140000,2007,72
5,3740,1080000,2013,50
3,2390,915000,1925,55
5,3160,820000,1960,64
4,2570,762450,1958,57
3,3680,722080,1988,75
4,2460,704111,1976,67
4,3130,685530,1996,76
3,1610,680000,1981,71
3,1900,645000,2007,80
1,1000,641500,1950,53
3,1680,629950,2014,78
4,2540,628990,1996,68
5,3070,620000,1995,68
4,2980,610000,2001,75
3,1460,602000,2008,78
3,2190,580000,1978,58
3,1700,570000,1909,63
3,1130,565000,1942,54
3,2030,562500,1988,51
5,2960,550000,1960,73
4,2230,549950,1981,65
2,1800,542000,1979,75
4,1680,525000,1962,60
3,1370,525000,2000,63
2,890,510000,1947,59
2,1580,495000,2004,62
3,1650,485000,1967,70
3,2030,485000,1976,56
4,1860,477500,1953,77
2,1800,472000,1979,65
4,1260,451000,1943,73
4,2980,450000,1979,70
3,1890,441000,1973,70
3,1000,425000,1946,72
3,1480,425000,2005,52
3,2390,420000,1920,60
2,1760,420000,2010,76
3,1150,420000,1946,67
4,1530,419950,1955,62
3,2080,415000,1988,53
2,2020,410000,1921,51
3,2000,399950,1989,75
3,1640,390000,1967,70
3,1330,386900,1963,68
4,3120,380000,2005,61
5,2740,370000,2005,67
3,1820,365000,1939,67
2,1320,352000,2004,74
4,1970,346900,1999,76
3,1150,344000,1969,69
3,1130,343000,2005,65
3,670,340000,1968,57
3,2350,339000,1989,70
3,1140,335000,1985,53
3,1160,315500,1986,74
3,1500,315001,1968,74
3,1810,300000,1988,59
4,2330,299900,1977,69
4,2120,285000,1954,77
3,1650,275000,1977,50
2,1000,257000,1929,79
2,1950,255000,1975,67
3,1440,252000,1925,70
4,1921,245000,2009,80
3,1380,230000,1963,64
2,960,212625,1951,78
3,970,205950,1970,66
3,1200,203000,1963,80
4,1760,194000,1962,65
5,5840,2200000,2006,70
3,2753,1350000,1953,61
5,3520,1100000,2001,73
4,3500,1010000,2004,51
4,1860,967000,1917,63
3,2030,906000,2013,51
4,2530,880000,1954,62
3,3000,850000,1983,70
4,3880,815000,2006,70
4,2360,805000,1911,73
5,3220,798000,2006,73
2,1940,790000,1923,76
4,2000,756100,1917,63
4,2190,730000,1977,57
4,3510,729950,2001,73
3,1630,725000,1955,75
3,2370,685000,2003,54
3,2500,685000,1979,80
4,2500,684000,1988,67
5,2440,680000,2014,62
3,1210,678500,1910,80
3,2740,675000,2004,79
2,2270,656000,2009,78
4,1600,645000,1946,57
3,2150,626000,1988,66
5,2000,620000,1962,59
3,1700,616300,1927,55
4,3270,600000,1997,71
3,1740,590000,2007,54
4,3520,589500,1929,56
2,890,587750,1941,79
3,2740,568000,1994,76
4,2020,565000,1900,72
4,2240,556000,2005,64
4,3710,552500,2002,60
5,2480,540000,1919,75
2,1250,520000,1926,74
4,2730,507000,2006,75
2,1070,505000,1942,79
4,2480,481000,1963,73
4,2030,474950,1975,60
2,1030,460000,1928,73
3,1420,450000,1976,59
7,2830,450000,1957,51
4,1560,430000,1962,52
4,1930,425000,1977,66
2,1000,420000,1953,79
3,3120,419950,2007,76
2,1170,400000,2001,59
3,1260,399900,1979,70
3,2300,395000,1989,61
3,2480,390000,1990,56
3,1540,384000,1998,70
2,1040,380000,1939,70
4,2090,374950,2012,72
2,850,370000,1916,51
4,2380,365650,1977,55
4,1870,355000,1954,63
4,2200,353000,1989,72
5,2980,352000,1968,72
4,1780,350000,1953,71
3,1520,345000,1969,55
4,2200,345000,1987,57
3,1880,320000,1984,80
3,1390,317000,1974,50
2,1050,310000,2005,57
3,1300,310000,2005,54
2,970,302860,2007,62
2,1100,300000,1950,78
2,1060,294950,1952,79
3,1900,280000,1977,67
3,1540,273000,1978,66
4,1400,259950,1963,73
3,1320,256500,1993,75
3,990,246000,1939,78
2,1240,240500,1922,67
2,800,230000,1942,53
3,1120,230000,1934,65
3,860,210000,1943,56
3,1120,205000,1976,51
3,1390,204900,1984,70
4,1790,197000,1979,74
4,1910,189950,1919,77
3,1350,172000,1959,70
2,790,159100,1944,80
3,1080,157000,1950,64
2,600,130000,1900,51
2,828,110000,1968,80
3,3780,1810000,1951,79
4,4070,1700000,2006,79
4,3790,1300000,1998,56
4,5300,1150000,1989,75
5,3280,965000,1981,54
4,3540,920000,2007,73
6,4430,875000,2001,74
3,3130,843000,1991,51
5,3920,827500,2000,51
3,3280,750000,2001,80
4,2410,745000,1909,50
4,2780,717000,1992,59
4,1660,680000,1915,63
3,2740,660000,2001,71
4,2440,650000,1957,55
5,2600,628000,2015,64
2,2910,620000,1985,52
3,1760,609950,1979,54
4,1780,580000,1953,60
4,2980,565000,2001,69
3,1540,565000,2008,67
3,1800,539000,1988,67
3,1110,532000,1946,74
5,1810,530000,1900,53
3,1680,530000,1973,70
3,2270,500000,1999,79
2,880,492000,1927,50
3,1410,490000,1923,74
3,1540,445000,1997,60
3,1270,435010,1954,72
3,2660,435000,1990,64
4,3010,433495,1988,65
5,1400,425000,1916,66
3,1950,425000,2007,75
4,2400,415000,1980,61
2,1220,400000,1942,56
3,1610,399950,2007,67
4,1660,399500,1947,60
3,1400,395000,1962,74
3,1450,394000,1923,61
4,2130,392000,2014,79
5,3800,380000,1965,60
3,1280,375000,2005,71
4,2100,370000,1914,75
4,1570,365000,1972,53
2,2320,360000,1942,52
4,3238,355425,1979,76
3,1260,350000,2003,75
4,1764,349950,1942,61
3,2550,349000,1989,51
3,1360,329950,1985,79
2,1030,326000,2008,66
4,1670,325000,1976,67
3,1890,323000,2003,71
2,1380,319900,1940,77
6,2540,317500,1977,63
4,2233,317500,2012,53
4,1450,309950,1966,75
3,1910,300000,1984,70
3,1140,294570,1960,68
2,1610,293000,1979,59
4,1560,290000,1942,64
3,1020,280000,2009,60
3,1390,278500,1985,57
5,2400,268000,2004,64
4,1320,250000,1914,70
3,1700,249000,1970,79
3,1600,239950,2014,60
3,1310,237950,1960,66
4,1920,235000,1962,55
2,1240,226800,1960,79
2,780,220000,1923,80
3,1040,217500,1959,54
5,1650,183750,1970,67
2,900,144975,1940,62
5,3750,2900000,1925,73
5,3120,1940000,1969,72
4,3130,1390000,2008,64
3,1590,1210000,1980,52
5,2520,1100000,1916,75
4,2240,975000,1967,61
4,3600,970000,2004,70
4,3770,940000,1964,72
9,2820,934000,1918,60
3,1900,921500,1926,60
4,1480,890000,1947,71
3,3180,850000,1918,50
3,2605,789800,1979,54
3,1820,775000,1914,59
5,1860,775000,1921,71
4,1920,719521,1966,74
4,3280,702000,2004,55
2,930,700000,1926,58
4,2470,700000,1940,80
2,1500,670000,2008,59
2,1310,663500,1946,51
2,1070,660000,1924,59
4,2290,625000,1963,74
4,2240,610000,1988,64
3,1560,590000,1981,62
4,2510,588000,1977,79
3,1580,580000,1987,60
2,860,580000,1925,50
4,2030,565000,1966,69
4,2120,560000,1917,67
4,2870,555000,2004,62
3,1780,526000,1977,56
3,2200,525000,2000,76
3,1810,517500,1973,50
6,2400,499000,1975,78
3,1470,479000,1987,78
3,1860,477500,1991,76
3,1520,475000,1945,72
5,2050,475000,1956,56
3,1730,465000,1971,72
3,2340,459950,2002,53
4,2420,449950,2007,73
2,1370,448175,2006,72
2,950,430000,1949,54
3,3610,425000,1918,67
4,2760,424950,2001,76
2,1160,415000,2007,75
3,1390,406000,1985,68
3,2120,400000,2006,57
3,1200,398500,1945,64
3,1630,395000,1988,64
4,2130,389000,2001,74
3,2828,367000,2013,74
3,2320,364808,1967,51
3,1890,355000,1962,56
3,1350,349990,1925,52
2,1800,334998,1942,64
4,1940,322000,1960,51
5,1940,299000,1960,65
3,2820,297975,1947,69
5,1690,285900,1961,57
3,1420,275000,1989,58
2,910,265000,1917,57
3,1200,263700,1950,72
3,1900,250000,1961,64
3,1400,249000,1917,61
2,860,235000,1943,61
3,1240,225000,1971,57
2,1330,175000,1925,73
3,970,172380,1962,63
4,1460,135000,1940,70
7,3890,1190000,1968,75
3,2060,685000,1931,79
5,2100,420000,1983,71
3,1560,399950,1988,50
3,1020,307000,1949,72
4,2010,250000,1976,78
4,3470,730000,2005,60
2,950,445000,1941,65
3,1270,317000,1955,71
5,4050,1600000,1973,66
3,2040,1300000,1940,79
4,3470,1220000,2014,78
3,3070,1200000,1987,75
3,2220,1100000,1928,63
3,3630,1090000,1972,69
3,2290,1070000,1995,73
3,3370,1070000,2014,78
4,2250,1060000,1967,51
5,3740,915557,1984,77
3,1600,845000,1929,74
4,3920,825000,1999,65
